<?xml version="1.0" encoding="UTF-8"?>
<!--
    JBoss, Home of Professional Open Source
    Copyright 2015, Red Hat, Inc. and/or its affiliates, and individual
    contributors by the @authors tag. See the copyright.txt in the
    distribution for a full listing of individual contributors.

    Licensed under the Apache License, Version 2.0 (the "License");
    you may not use this file except in compliance with the License.
    You may obtain a copy of the License at
    http://www.apache.org/licenses/LICENSE-2.0
    Unless required by applicable law or agreed to in writing, software
    distributed under the License is distributed on an "AS IS" BASIS,
    WITHOUT WARRANTIES OR CONDITIONS OF ANY KIND, either express or implied.
    See the License for the specific language governing permissions and
    limitations under the License.
-->
<jboss:ejb-jar xmlns:jboss="http://www.jboss.com/xml/ns/javaee"
    xmlns:jee="http://java.sun.com/xml/ns/javaee"
    xmlns:ci="urn:container-interceptors:1.0"
    xmlns:xsi="http://www.w3.org/2001/XMLSchema-instance"
    xsi:schemaLocation="http://www.jboss.com/xml/ns/javaee http://www.jboss.org/j2ee/schema/jboss-ejb3-2_0.xsd
                  http://java.sun.com/xml/ns/javaee http://www.jboss.org/j2ee/schema/jboss-ejb3-spec-2_0.xsd
                  urn:container-interceptors:1.0 https://www.jboss.org/j2ee/schema/jboss-ejb-container-interceptors_1_0.xsd"
                  version="3.1" impl-version="2.0">

    <jee:assembly-descriptor>
        <ci:container-interceptors>
            <!-- Class level container-interceptor which will be applicable for all business method
             invocations on the bean -->
            <jee:interceptor-binding>
                <ejb-name>IntermediateEJB</ejb-name>
                <interceptor-class>org.jboss.as.quickstarts.ejb_security_interceptors.ServerSecurityInterceptor</interceptor-class>
            </jee:interceptor-binding>
            <jee:interceptor-binding>
                <ejb-name>SecuredEJB</ejb-name>
                <interceptor-class>org.jboss.as.quickstarts.ejb_security_interceptors.ServerSecurityInterceptor</interceptor-class>
            </jee:interceptor-binding>
        </ci:container-interceptors>
    </jee:assembly-descriptor>
</jboss:ejb-jar>
